<?xml version="1.0" encoding="UTF-8"?>
<configuration>
    <include resource="org/springframework/boot/logging/logback/base.xml"/>
    
    <appender name="console" class="ch.qos.logback.core.ConsoleAppender">
        <encoder>
            <pattern>%d{yyyyMMdd HH:mm:ss.SSS} [%thread] %-3level %logger{5} - %msg %n</pattern>
        </encoder>
    </appender>
    
    <!-- log4jdbc-log4j2 -->
	<logger name="jdbc.sqlonly"        level="DEBUG" additivity="false">
		<appender-ref ref="console"/>
	</logger>
    <logger name="jdbc.sqltiming"      level="INFO" additivity="false">
		<appender-ref ref="console"/>
	</logger>
    <logger name="jdbc.audit"          level="WARN">
		<appender-ref ref="console"/>
	</logger>
    <logger name="jdbc.resultset"      level="ERROR">
		<appender-ref ref="console"/>
	</logger>
    <logger name="jdbc.resultsettable" level="ERROR">
		<appender-ref ref="console"/>
	</logger>
    <logger name="jdbc.connection"     level="INFO" additivity="false">
		<appender-ref ref="console"/>
	</logger>
    
    <root level="INFO">
        <appender-ref ref="console" />
    </root>
    
</configuration>
